Movie,Actual Rating,Predicted Rating
Nyay Anyay,5.7,4.831755895459779
Chanda Aur Bijli,4.8,6.757253545611064
Luv Shuv Tey Chicken Khurana,6.6,6.418691474191206
Sri Venkateswara Mahathyam,8.5,8.09881790910137
Chor Bazar,6.1,5.990516998235989
Chai Coffee,7.9,4.786590364153099
Tunnu Ki Tina,5.9,6.090335022565029
Mohre,5.3,7.626085880754758
Aa Gaya Hero,2.7,4.244263902299323
Fukrey Returns,6.5,6.521297297159904
Jal Mahal,5.7,6.045991275585493
Saajan Bina Suhagan,6.4,5.756940403794985
Ujala Hi Ujala,6.2,4.575193748954362
Ramudochhadu,6.1,6.862574126127157
Hawaizaada,5.5,5.890975884914539
Ashiana,7.6,8.135825930353292
Raat Aur Din,7.6,7.557997147446741
Unees Bees,5.8,4.791899272951369
Veeru Ustaad,5.0,6.695839256308048
Medal,7.9,4.985986544179013
Satah Se Uthata Aadmi,6.7,7.003209793762451
Dekha Pyar Tumhara,5.6,7.443026795718453
Rakhwale,2.9,6.068583440133793
Padosan,8.1,6.182822451899767
Doodh Ka Karz,4.6,5.474580562083901
Insaaf: The Justice,3.9,4.873262258850431
Swarg,6.7,6.495667316507792
Jahan Pyar Miley,6.4,6.9740719093780115
Jeene Ki Raah,6.9,6.043301205346069
Lucky: No Time for Love,4.7,6.767327062357097
Aakhri Ghulam,4.9,5.426032367002293
Aamdani Atthanni Kharcha Rupaiya,4.8,5.209776407480447
Daas,3.1,5.44305494391817
B.A. Pass 2,2.1,6.022288114267212
Kurbaan,5.7,5.202306864711446
Pyasa Shaitan,5.0,6.755761258444721
Subah Ka Tara,5.4,4.792415521778054
Teesri Manzil,7.7,8.29354672669578
Khamoshi,7.7,7.022091046691202
Marshal,5.4,5.121080553215322
Tara Mira,7.3,4.997701019494016
Yaariyan,2.7,3.5602676278040235
Jangal Mein Mangal,6.7,9.056052809599706
Hulla,6.4,5.798303824385783
Uran Khatola,7.4,7.355404785709624
Veera Madakari,6.5,3.3487200491108524
Sahib Bibi Aur Ghulam,8.3,7.499241528195924
Tum: A Dangerous Obsession,2.4,4.75852226961743
Housefull 3,5.0,5.055453351462305
Thavasi,4.8,5.586688983797316
Ahsaas,5.7,6.915940833183214
Chaand Kaa Tukdaa,4.0,4.628875900154711
Mr. Bond,4.3,5.77271511582903
Jaali Note,7.3,7.331614708741924
Lohardaga,7.8,6.7393365237766005
Gunaah,3.3,3.856732977355108
Saboot Mangta Hain Kanoon,3.4,4.189915403070103
Aamaar Bhuvan,7.7,5.504482529214073
Run,4.8,4.600370360022538
Manasarovar,6.9,2.3226640082504844
Mangal Pandey: The Rising,6.6,7.987201057699096
Akeli,5.6,6.316333094780788
Raat,7.1,6.229529762751795
Namo Venkatesa,5.4,6.388797646606818
Papa Kahte Hain,4.6,5.6505036870981655
Qarib Qarib Single,7.1,7.285735667253903
Kohra,4.5,7.498930708786432
Kaun?,7.8,6.941922756716906
Aandhi,8.1,7.997512194059084
Sakalakala Vallavan,6.6,6.567587123188957
Anna,4.9,5.057766688464341
Zabardast,5.3,6.576288928481105
"Tom, Dick, and Harry",3.2,4.860299944108476
Samadhi,6.9,7.787559235329496
Mohabbat Aur Jung,4.5,5.389447113799093
Hattrick,4.2,6.409219051922577
Bin Maa Ke Bachche,6.0,6.5159658257222475
Ayudha Pooja,5.5,5.9658423065051664
Mohabbat Isko Kahete Hain,6.7,6.867565461059158
Angrezi Medium,7.3,6.954913824576764
Love Ke Liye Kuch Bhi Karega,6.0,3.177199192677932
Aah,7.2,7.796622006121169
Bengal Tiger,5.3,5.342620006343822
Do Ankhen Barah Haath,8.4,7.643086148370543
Utopia,5.6,5.111104222020714
Shatranj,6.1,5.280914199767537
China Town,7.1,4.013618780603551
Main Aisa Hi Hoon,4.8,4.8360022085847305
Manjhi: The Mountain Man,8.0,6.418849178842379
Joker,2.4,6.255942426663054
Devil's Daughter,2.6,3.7073005763805895
Changez Khan,7.1,5.978295852713302
Vidrohi,5.2,6.032168601535261
Dhokha,6.2,3.7600477007498228
Vilom,6.2,4.846527159812695
Narayan,6.8,4.822103964429175
A Death in the Gunj,7.5,4.554249471459229
Policewala Gunda,5.0,5.703737284435093
Sant Gyaneshwar,6.5,7.4062377920346165
Insaaf,5.7,5.904013847273504
Roam Rome Mein,7.8,5.5268192484549274
Baat Bann Gayi,5.1,5.2416378593568425
Dastan,6.8,6.8194508564056235
Tamacha,4.0,5.60910467119173
Hathyar,6.0,6.260228946795067
Shabri,5.6,4.781278577768802
Coffee Bloom,5.9,5.989176175654762
Baghban,7.4,5.066551424960338
Hum Aapke Hain Koun...!,7.5,6.300681553523432
Shree Ganesh,7.5,6.382179638513506
Shiva,3.9,6.272451833911575
Mumal: A prophecy,6.8,3.8292738573661893
Kohram,5.4,5.189938325169933
Nakhuda,6.4,5.283934834964569
Rocky Handsome,6.8,7.131680056315943
Guru Sishyan,7.1,5.0529928885694915
Zubaan,6.1,6.479297807923601
Hate Story,5.3,5.478280486724046
Desh,4.9,5.28413912635942
Indira,7.0,6.238926032779403
Ek Bechara,4.7,5.266753183314648
Barot House,7.3,8.43581112870767
Kevi Rite Jaish,8.1,6.539137917002236
Massey Sahib,7.2,8.026219324361207
Miss India,7.5,6.7033279565931
Dedh Ishqiya,7.1,8.288026103482736
Naajayaz,5.5,5.736790301078969
Jab Jab Phool Khile,6.9,5.4337900512910835
PK Lele a Salesman,5.5,5.055877733437356
Gurudev,4.9,6.08629507211154
Shiva,8.1,6.776589775512832
Raaz: The Mystery Continues,5.6,8.334977847479507
Anaarkali of Aarah,5.9,7.192080452657777
Dhanwan,7.3,5.94158806072393
Black Friday,8.5,8.968619109331897
Aar Ya Paar,6.1,6.536851459596548
Yaraana,4.7,5.648125035354582
Dilruba,7.1,5.509743366465145
Sharda,5.5,5.7883067064747
Dulari,6.5,7.5896684185129
Aakhri Kasam,6.3,7.048448325946595
127 B,6.6,4.052986757959047
Fauji Calling,5.4,5.770176046011088
Shree Krishnarjun Yuddh,7.0,6.839244588004007
King Uncle,5.1,5.9633280240175
Aisi Deewangi,4.1,4.389002396937869
Dalaal,4.9,5.329000316158883
Rough Book,6.8,8.653512319405067
Drohi,5.9,6.119778570751876
Maharaja,4.1,5.432645292444832
Bombay Boys,6.5,3.1989604381288643
Door Ki Awaaz,6.0,6.51225874043817
Bewaffa Se Waffa,4.9,4.72773675916261
Consequence Karma,9.0,4.912703597411465
Hariyali Aur Rasta,6.9,7.168181593556412
The Tashkent Files,7.8,4.785895321140956
Baazaar,6.6,5.0483070453677215
Paththar,4.6,5.0137615675728995
Rootha Na Karo,6.1,6.376814038190673
Pataal Bhairavi,5.7,5.175747610141158
Hum Hain Kamaal Ke,5.5,5.188982332272275
A Daughter's Tale PANKH,6.3,5.166059947166147
Kab? Kyoon? Aur Kahan?,6.8,4.645474511766238
Dilwale,5.1,6.469354758792605
Kaafiron Ki Namaaz,7.1,5.473168366086384
Durga,4.6,7.596417826238152
Gardish,7.4,6.565942403596196
Khota Paisa,4.7,6.893288729846148
Kaabil,7.1,5.23409279497011
Hum Dono,6.3,4.87381178060987
Saajan,7.2,5.046998958861707
Kabrastan,3.7,5.4353854900742675
Men Not Allowed,3.6,4.808346745336621
Karma: Crime. Passion. Reincarnation,5.0,5.834015257809909
Noise of Silence,7.2,6.302635858968571
All Is Well,3.8,7.211027738718158
Anand,8.3,7.522670497224212
Lateef,3.4,5.811789189902555
Doosri Dulhan,6.9,8.413388130404897
"Twisted Trunk, Big Fat Body",6.9,4.971367104196133
Bombay Velvet,5.6,6.390859773526017
Raja Babu,6.3,5.398449977431696
Aitbaar,6.9,6.235124566948045
Barkhaa,5.1,5.196870693366648
All Rounder,4.8,4.784295422607187
Amba,4.2,5.48452956144132
Sadhu Aur Shaitaan,6.6,6.843205373254563
Aani Maani,6.6,4.929393008043945
Asli-Naqli,7.5,7.7604605117446965
Teen Sardar,6.3,6.2024721560331955
Mela,3.8,5.470799244246393
Abhinetri,6.7,6.669933476633105
Kasba,7.0,5.509695067770963
Kayda Kanoon,5.0,6.619507743219174
Charas: A Joint Effort,5.3,6.230390547407637
Ranchi Diaries,7.3,5.7578383359846725
Apne Rang Hazaar,6.1,7.162199506835947
Shorgul,5.7,5.183245015156928
Yaadein...,4.4,7.080147937021437
1920: Evil Returns,4.8,6.164731735490946
Shubh Raatri,4.5,4.040775706106928
Suraj,6.7,6.9900251741031525
Kahin Pyaar Na Ho Jaaye,7.5,6.038980127989674
Beti,5.8,6.531713902109374
Aazaan,4.4,4.853410834018206
Hari Darshan,7.5,6.7576550579890124
Kasam Teri Kasam,4.3,5.619322948129593
Train to Pakistan,6.7,4.534022114788897
Chamatkar,6.6,4.42086010159278
Khosla Ka Ghosla!,8.3,8.388880717837523
Padatik,7.1,7.679474151912402
Rustom,7.1,5.625145581506075
Miss Teacher,3.2,4.517173495809118
Sau Crore,4.0,6.266517400815545
The Angrez 2,7.1,6.268124040064208
Ramaiya Vastavaiya,5.7,5.059925446427201
Barsaat Ki Raat,6.9,6.552069211785124
Hiraasat,5.4,5.921049086972118
Bala,7.3,8.211718697094625
Amma Nagamma,5.6,5.595589041645837
Ginny Weds Sunny,5.7,4.878222187009726
Ishq Mein Jeena Ishq Mein Marna,5.7,6.525262929026795
Sangram,3.2,4.80371168357496
Yodha,4.6,5.460913897366069
Zindagi Na Milegi Dobara,8.2,7.594560094945734
Mayurpankh,5.9,6.259667122131063
13B: Fear Has a New Address,7.3,4.984317544068745
October,7.5,5.87471440099948
Pagdi: The Honour,5.8,5.308218915089213
The Dream Job,6.0,5.147669328698825
Meri Biwi Ka Jawab Nahin,3.9,5.817154091531137
Traffic,6.7,5.798332214312779
Baaki Itihaas,7.3,5.118769785393013
Neeyat,5.5,7.1385084211983525
Awaara,7.9,8.441647048189992
Haqeeqat,4.6,5.379640488505885
Musafir,5.5,5.283156929242139
7 Hours to Go,5.7,4.935875254768561
Simmba,5.6,5.967482504009169
BHK Bhalla@Halla.Kom,5.9,5.624093785860794
Bekaraar,3.7,6.266977371985504
Car Thief,7.0,5.457586057083546
Tumhari Kassam,6.1,5.814614145204914
Ya Rab,5.9,4.559222123048059
Jihad,8.6,4.429356177320457
FryDay,5.2,4.333117945704103
Highway,7.6,6.05684980735505
Inteqam: The Perfect Game,5.0,6.6786210392094745
Aur Kaun?,6.0,6.873999821329278
Aasmaan Mahal,5.5,6.184613296517867
Kaala Samrajya,4.2,3.160787056087756
Chupke Se,5.4,5.525401822885968
Lava Kusa: The Warrior Twins,6.6,11.65638213939097
Sant Dnyaneshwar,7.9,7.557360429185877
Midnight's Children,6.2,8.005783378069793
Typecaste,6.8,3.958982277896638
Dharam Sankat Mein,6.3,4.869921876314521
Daawat-e-Biryani,7.1,4.916256851995854
Phool Aur Angaar,5.4,4.1564930414508865
Laal Rang,8.0,7.121410138068796
I'm in Love,9.2,5.414311637876054
W,6.6,5.2559990313255724
Mumbai Xpress,6.6,6.668954773834429
100 Days,6.5,5.672268875104777
Pardes,7.0,7.053156657958482
Gunahon Ka Devta,5.8,7.789512840180663
Sabrang,6.9,4.860333524203014
Ayaash,5.1,6.6801222105608815
Hamraaz,7.1,6.85929697614516
Aatish: Feel the Fire,5.8,5.934792793012832
It's Entertainment,4.5,5.059224580934782
Gangaajal,7.8,6.545986162405896
Kaali Ki Saugandh,5.0,5.642323593405976
Topless,2.6,5.521513607054416
2001: Do Hazaar Ek,3.5,4.398337260211321
Gambeeram,4.5,5.139674563235488
Club Dancer,6.9,4.760841501110505
Chhalaang,6.8,6.3599642474404305
Shor in the City,7.2,6.396751305637821
Mr. Azaad,4.2,4.547627775977446
Mohabbat Ki Aag,3.5,3.720857375905595
Duplicate,5.6,6.04442256482173
Keemat,6.8,5.927548278664574
Jawani Zindabad,5.6,6.06593053273123
Hira Aur Patthar,5.9,5.829538966710317
Pink,8.1,7.2653218454678665
Khuddar,5.1,5.114108522194911
Raja Harishchandra,6.0,7.606869761382811
Bahaar Aane Tak,4.7,4.3918411584942305
Dil Bechara,6.6,3.998499308771642
God of gods,9.3,6.745722865294738
Dayar E Madina,7.2,5.725219015353375
Rudaali,7.2,6.249339023666423
Pitta Kathalu,5.0,4.949262568892877
Jaan Ki Baazi,4.7,4.841517213567755
Chhalia,7.4,6.997956906827582
Jabariya Jodi,4.4,3.8447603821255
Salaam-E-Ishq,5.1,5.714701171238957
Global Baba,5.6,6.5542287861347575
Meri Bhabhi,5.1,6.304572013023147
Reshma Aur Sultaan,4.9,6.332734173478755
Fun: Can Be Dangerous Sometimes,3.1,6.492132625007486
Hum Naujawan,5.3,5.891892256665855
Railway Raju,7.5,4.321005500142007
Yakeen,5.1,5.554106721651976
Sulemani Keeda,7.1,6.345549928400871
Dharti Ke Lal,6.4,8.22934944787093
Gyara Hazar Ladkian,5.8,6.938155055851254
Zapatlela,7.6,8.107531424813459
Charandas Chor,8.0,7.772200547614034
Shart,6.7,7.271853108428587
Pehli Jhalak,6.4,6.009453230090799
Dil Se..,7.6,8.278543083140363
Fight Club: Members Only,3.3,8.781990692239248
Raj Mahal,6.1,6.377997475842818
N.H 10,7.2,7.842634660590619
Neel Mani,6.1,5.304117219362681
Kshatriya,5.9,6.221333566655474
My Darling,7.4,4.789933623677626
Aryan: Unbreakable,4.4,8.33778580881902
Malik Ek,6.6,6.9003837810740265
Lajwanti,6.9,5.988599361576448
Hide & Seek,4.2,6.3940824467153305
Tikli and Laxmi Bomb,7.9,6.5434922470879116
Gulaal,8.1,8.748429788083016
Himmat,6.4,5.946264739329408
Tumbbad,8.3,5.6200797813413885
Lahore,6.3,7.9701635847674766
Nishchaiy,4.2,4.317212750950205
Rangoon,5.6,8.451163299897175
Dilwaala,3.7,5.261811680276793
Kudiyon Ka Hai Zamaana,3.7,4.830440961910824
Toote Khilone,5.7,6.522921350392181
Kala Bazaar,5.5,5.878851932827203
Soch,4.3,3.8347955811146193
Aazmayish,5.0,5.824647339422384
Barkha,4.9,7.199460870824538
Shukranu,6.4,5.525312319022845
Chopsticks,6.5,6.353801823096504
Agathiyar,6.6,7.618548684046672
Ranj,7.2,4.892611771109287
Vroom,5.4,5.256878422661728
Sanam,4.8,4.8126868785020065
Red Rose,6.3,8.060413717135901
Nartaki,6.5,7.67444957824118
Andhaa Kaanoon,6.1,5.740762069170799
Chinnodu,4.0,5.869003699364583
A Game Called Relationship,6.3,5.178655484658094
Cheluvi,7.5,6.917646874510041
Sikandar Sadak Ka,3.9,4.808917105432954
Ishqedarriyaan,4.8,7.646111629670727
Family of Thakurganj,8.4,5.186262570192483
Dillagi,5.3,7.423659165349605
Raju Ban Gaya Gentleman,6.8,8.318263618174612
Ajay,3.7,4.484376432175509
Roti Kee Keemat,5.8,6.341207505373134
Behen Hogi Teri,5.6,4.860591132879065
Chachi 420,7.4,6.837339552410171
Evadithe Nakenti,6.2,5.69316742041174
Phulwari,5.8,5.563256276303591
Chameli,7.0,5.239407902721041
Trapped,7.6,8.019410943446132
Ab To Aaja Saajan Mere,4.0,6.2749912413991495
Chain Kulii Ki Main Kulii,5.6,6.109869788450766
Shair,7.1,7.582850235622729
Dharam Sankat,3.5,3.990264512621735
Bulandi,5.4,4.413919876921028
Budhia Singh: Born to Run,7.6,7.586407182488216
Saanch Ko Aanch Nahin,6.3,4.412143151990165
Pattathu Yaanai,3.8,5.145685663725331
Dansh,7.0,5.67178512095218
Josh,6.2,5.927698879139513
Geraftaar,6.1,6.403429369404947
Priyasakhi,4.6,4.8318192401600015
Tumsa Nahin Dekha,7.0,7.585174558621375
Ram Teri Ganga Maili,6.7,5.453572799543835
Baiju Bawra,7.4,7.903235909990457
Dilwale Dulhaniya Le Jayenge,7.2,6.4703233029761975
The President Is Coming,6.8,5.862597123814808
Virodhi,4.3,6.2064732138781835
Notebook,6.9,7.5503825345537905
Maanthrikam,6.3,5.760917396711548
Love Shagun,4.4,5.119147412724743
Life Mein Time Nahi Hai Kisi Ko,7.1,5.320039221120211
Ahankaar,5.9,5.359774467925817
Comedy Couple,7.7,5.5188595685621635
Daddy,6.4,5.895959457960302
Chor Aur Chand,6.9,5.558045141066401
Atithee,6.0,5.666015861493051
Rang,4.8,5.880463348704865
Yudh,6.2,6.336412283807121
Ek Daku Saher Mein,3.8,5.080296313181677
Current,6.9,5.963724274293725
Afsana,6.5,7.269406507118774
Yaar Gaddar,3.7,5.178990919031833
Tada,4.7,5.187966883932319
Agar Tum Na Hote,6.4,6.5243284159312225
Killer,6.3,6.065727671275525
Life of Pi,7.9,4.019966915040001
Captain Nagarjuna,6.5,6.332840906815619
No Entry,6.6,5.22201624266539
Jawani Ke Gunah,4.6,4.26363274590345
Maximum,4.7,4.919963269036344
Romeo Akbar Walter,6.6,6.060652301441522
Joshilaay,5.7,6.055854853502169
Bijuka,6.4,3.1595215859061625
Himmatvar,5.1,6.292211123783758
Serious Men,6.8,5.982451545706297
Inteha Pyar Ki,3.8,6.628754828097712
Elaan,6.0,5.44309846496229
Farz Ki Jung,4.3,3.6158631652334634
Professor Ki Padosan,6.2,5.768312903123018
Chandni Bar,7.6,5.427213264703013
Bewafai,5.6,5.794104893908909
Mammo,7.7,6.728450135563136
Turup (Checkmate),8.1,4.9742720688640105
Dishkiyaoon,5.2,3.1397085315859528
Sujata,7.3,7.763037860800466
Love,5.9,6.003091165905303
Khullam Khulla Pyaar Karen,4.1,4.693830058811983
Sivappathikaaram,5.5,5.392088237722561
Kaante,6.5,5.8898304087371685
Desamuduru,6.2,5.0985324317729805
Murder 2,6.2,5.287655585740183
Prem Aggan,1.7,4.697347026854558
Dil Ki Baazi,5.3,5.751951942544395
Masala Republic,5.2,5.128315868932788
Aman,6.5,5.664190927697149
Badrinath Ki Dulhania,6.1,5.850635388707374
Mumbai Se Aaya Mera Dost,3.3,4.296746616869072
Khel,6.4,6.067128402397714
Andaz,4.4,5.3414909377403035
The Himalayan Diaries,8.0,4.860040943192516
Veer Yodha Prithviraj Chauhan,7.2,5.4274174507204265
Tera Mera Saath Rahen,4.9,6.139529076994023
Kuchh Bheege Alfaaz,7.5,7.310136302359126
Upeksha,7.8,3.2029294971855364
Chorni,5.3,4.984848125092611
Maqsad,5.9,5.482372326247955
Naksha,3.3,4.697820434604296
Guru,5.5,5.725935467921332
Aa Jao Please,6.8,5.1517182406415145
Paisa Ya Pyar,4.9,7.228796244565785
Axone,7.0,4.867500627746978
Taxi Driver,6.9,7.244206337574184
Prithvi,4.4,6.055667277624892
Meri Pyaari Bindu,6.0,6.400386979554355
Sachaa Jhutha,6.7,6.075575185226455
Satyameva Jayate,5.7,3.7404108563566183
Mujhse Shaadi Karogi,6.7,5.383177450135605
Chaarfutiya Chhokare,5.9,4.698617916532243
Adisaya Piravi,6.9,5.491939424172244
Aaina,6.8,6.18463395720093
B.A. Pass 3,8.3,6.808954988765038
Khal Nayak,7.2,5.70916803802227
Faraar,6.9,6.925188304524099
Ragini MMS 2,3.8,4.383114531400096
Zara Si Zindagi,7.7,7.774734861060367
Aksar 2,3.6,4.694801496752689
Teen Taal,7.5,5.1517182406415145
Viraam,5.6,5.074106854829509
Gambler,5.0,3.2462137058906677
Devaki,4.2,3.085431083107977
Ritu,6.8,5.253464229501731
Mehbooba,6.5,6.831213702285069
Waris,6.4,5.903503863488197
Te3n,7.3,5.120626318598553
Jurmana,6.8,6.904120263510308
Khatta Meetha,7.5,6.635378302901358
Redrum,3.9,5.727517111945772
Padmashree Laloo Prasad Yadav,2.4,5.60097203447549
Love You to Death,5.3,5.738220322297707
Kalyug,7.8,7.279857735963603
Gandhigiri,4.6,6.7698867594080525
To B or Not to B,6.7,9.494023731907006
Yeh Hai Chakkad Bakkad Bumbe Bo,6.6,8.452103068020307
Madly Bangali,7.0,7.968150217474658
Ankahee,7.1,9.279209715000263
Poochho Mere Dil Se,4.6,5.589307988754598
Masaan,8.2,5.149160565812224
Bade Dilwala,3.6,5.338292518774196
Lust Stories,6.4,6.357495397900962
Boxer,7.5,7.177863566521154
Boichek,6.3,4.0701936694099885
Dariya Dil,5.1,4.99068655739795
Tum Ho Yaara,3.9,5.447822077364961
Humshakal,6.1,6.273855732111443
Piku,7.6,5.936078070117048
Chup Chup Ke,6.8,6.352543740676069
Welcome M1LL10NS,6.0,4.458694289694577
Ghar Ho To Aisa,6.0,4.628419436020636
LoveShhuda,4.5,5.153301418449786
Lakshmanrekha,4.7,6.373374454056574
Aag,7.4,8.247468834062431
Duplicate Sholay,6.5,6.166917709994905
Asana Travelogue,6.7,7.402757288924022
Do Ustad,7.1,5.904442919060926
Raaja,6.2,5.856723858117647
Doodh Aur Apheem,6.7,5.524841135732856
Apnapan,6.5,5.24950259906052
Filhaal...,5.5,6.929456409202132
Anatomy of Violence,5.4,5.33212545903811
Sultan,7.0,5.186088753176875
Censor,3.5,5.052786351863418
Jai Kishen,5.1,4.575512424862183
The Murderer: Hamilton Palace,4.0,5.131171456155684
Hum Paanch,6.5,7.206797506763465
London Paris New York,5.7,7.326912861679517
House Arrest,5.5,4.69485943641655
Balwaan,4.3,4.273193992588375
Patth,4.6,8.511183958055796
Extraordinaari,3.4,4.008011487991752
Nadaan,6.7,5.295161680202014
Elan,6.2,7.2297440509469055
Ab Tumhare Hawale Watan Saathiyo,4.6,6.693358542609502
The Warrior,6.7,4.468804072465048
Nache Nagin Gali Gali,4.8,3.574914872923472
Anjaana,5.6,6.600376845293155
Seasons Greeting,6.5,5.910592739881707
Dulhan Wahi Jo Piya Man Bhaaye,7.9,6.688111262007155
Mangal Pandey,5.9,6.5942081950028495
Maha Shaktimaan,6.4,5.399236100780072
Hatey Bazarey,7.9,7.981159158793261
Dagadi Chaawl,6.2,5.151093270204157
Biwi Ho To Aisi,5.8,6.024393034882138
Love and Shukla,7.4,4.98494924638409
Anari,4.8,5.090304507448963
Kartavya,7.0,6.463927292913198
Itihaas,3.5,5.146610122893918
Hazaar Chaurasi Ki Maa,7.1,6.582160238147239
Tutak Tutak Tutiya,5.5,2.8631380476108603
Preetam,6.2,6.677428001767737
Le Gaya Saddam,6.2,4.432677113046822
Sudesi,3.7,5.714401400345238
Life's for Living: Aadmi,6.4,6.521977021532038
Maharathi,7.1,6.415585816798213
Flat 211,5.1,4.4785065888950015
Billu,6.2,7.152867231777051
Sahasam,6.6,5.993453710296279
Darwaza Bandh Rakho,5.3,5.41705358957411
Tum Bin 2,4.8,5.23034490536169
Safar,7.2,7.048363358787384
Aashayein,7.1,8.09573723350725
Company,7.9,5.86647199619803
Latt Saheb,6.5,5.293822680494571
Andha Oru Nimidam,6.8,7.494990831216114
Bhooka Sher,5.0,5.4422621910164395
Pakhandi,6.5,6.383885211752613
The Stoneman Murders,7.4,6.282709164618211
Pratyaghat,6.7,7.6430182790412005
Samarasimha Reddy,7.1,5.161012357954448
Kadamban,5.3,3.5186695770746894
The Morning Breeze,7.0,6.292623692684288
Paraya Ghar,6.2,5.24789982648781
De Taali,4.1,5.92794113576592
Jia aur Jia,4.4,3.994644651802517
Angoor,6.1,6.16598989297664
Sssshhh...,4.4,4.841511933742112
Aadha Din Aadhee Raat,5.1,6.502869062770301
2 Nights in Soul Valley,6.8,5.060569696953991
Baaz,7.3,12.724732890232957
Rikki-Tikki-Tavi,7.6,6.176789409481813
Chronicles of Hari,5.9,5.1517182406415145
Not a Love Story,5.0,6.155250003963104
Bade Ghar Ki Beti,6.0,5.120091646928998
Gentleman,4.9,5.932736268785746
Reporter Raju,5.2,7.424062337079718
Dhoom Dadakka,3.4,2.388221174351955
Swami,6.5,7.446102397042779
Kyaa Super Kool Hain Hum,4.9,6.251417294999115
Margarita with a Straw,7.2,6.1436030184044625
Lupt,5.6,2.3618102485012002
MSG: The Messenger of God,5.8,5.612787235332391
Jeena Hai Toh Thok Daal,5.5,4.119893595086751
Chori Chori,7.7,8.157221000730104
Raagini,6.5,7.889216029128264
Pehla Nasha,4.9,6.424714191352663
Dil Juunglee,3.7,6.373441851088813
Garm Hava,8.1,7.21233467839528
Chhote Sarkar,4.7,3.523258740925286
Let's Talk About 'It',5.7,5.036320062010219
A Rifle and a Bag,6.8,6.691756560369299
Vishnu-Devaa,5.1,5.361562260438561
Naqaab,5.4,6.1572471504155
My Husband's Wife,3.1,5.465007145355756
Bhoot Returns,2.5,8.004328977379956
706,5.3,6.605325046998459
Jai Veeru: Friends Forever,3.6,3.6870266825591926
Dil Pe Mat Le Yaar!!,5.0,6.784108087230422
Madras Cafe,7.7,6.980128541382527
Pyar Ka Saudagar,4.4,5.4970635043593745
Afsana Pyar Ka,5.9,7.374102565286577
The Sky Is Pink,7.6,5.845034994639022
Paathshaala,4.9,6.777679928395301
Anokha,4.9,5.471887941001285
Umrao Jaan,5.5,5.7502338043885
What are the Odds?,5.4,4.9241385456247
Magroor,6.5,6.129818185899381
Awaargi,5.9,5.593731871375368
Ab Tak Chhappan,7.8,8.51368754766176
Moksh To Maya,4.2,6.546076749759436
Alibaba Marjinaa,6.7,6.7110659064248495
Summer 2007,6.2,5.185597325196014
Lakshmi,5.0,6.715558036958797
Dil Chahta Hai,8.1,8.759441717592651
Love Marriage,7.6,7.218999316751848
Tathagatha Buddha The Life & Times of Gautama Buddha,6.9,6.195177545523379
Dhaai Akshar Prem Ke,3.7,4.769629625637577
Do Lafzon Ki Kahani,6.5,4.676580116811905
Insaniyat,3.0,5.30975201871054
The Touch,8.1,7.752579768119318
Atithi Tum Kab Jaoge?,6.4,5.906062591036161
Chaalis Chauraasi,6.1,4.125714045848525
Sweetiee Weds NRI,3.4,4.405356875268012
Kannan Varuvaan,5.8,5.6227091660629185
Lucifer,7.5,4.805976182207289
Saat Uchakkey,5.7,5.732492531467116
Ghost,2.3,4.185772257494264
Jaan Tere Naam,5.9,6.425080187367229
Tujhse He Raabta,6.2,5.094408676191549
Trishna,7.2,6.680272807853768
Aaja Sanam,6.7,7.098751768916358
Sir,6.2,6.322755356563832
Mausam,4.7,5.229011193839909
Runway: Love Among Gun Shots...,4.0,5.41183755072602
Madhubaala,3.2,9.328187712802546
Kirayadar,6.3,5.91317225197929
Matru ki Bijlee ka Mandola,5.6,7.8883043827653125
Chronicle of Space,5.8,4.09734911692982
Ram-Avtar,4.5,5.904096134946613
Jai Jagannath,7.9,5.589100235240224
Memories in March,7.2,6.227235214476167
Is Raat Ki Subah Nahin,6.7,6.670721418490928
Khauff,4.4,5.5453141832196735
Daal Me Kala,6.0,5.748097059556557
Gawaahi,5.6,5.5173798093999835
Kaun Hai Jo Sapno Mein Aaya,5.1,5.056334934797405
Insaaf Apne Lahoo Se,4.7,5.4982722196536145
Just Like That,7.9,6.1826231637218285
Anurodh,6.8,6.9502274873799195
Dum Laga Ke Haisha,7.3,7.523264982781853
Anokha Milan,6.3,7.225133918529821
Kalaignan,6.3,7.207096046016076
Ek Tha Hero,4.0,4.952993285651971
Meharbaani,6.1,6.949791371172211
Jawab,7.6,8.467174375611123
Valmiki,7.0,8.751273506778361
Abdullah,6.4,5.651519482715557
Poonam Ki Raat,6.8,4.652958041477987
Ghoomketu,5.5,5.217301522225156
Karz,7.5,7.741334102777017
Besharam,3.6,4.759950163752151
Aatank Hi Aatank,5.2,6.403261742072303
Golden Eyes Secret Agent 077,6.3,7.281327284901181
Uphaar,7.2,6.55663294155805
Chatpati,5.9,6.766940818045612
Saheb Biwi Aur Gangster,7.2,6.321300934360906
The Tree,5.7,5.762224786792203
Batla House,7.2,5.469642142744476
Strings of Passion,6.5,5.534629663970435
MSG 2 the Messenger,6.6,7.12038324228071
Help,4.3,1.9644378761673948
Haath Ki Safai,6.3,6.038534286283991
Mithya,7.1,8.0532598402947
Sikandar,6.4,5.816830189819115
Afsana Dilwalon Ka,3.6,4.892222153191682
Hatya: The Murder,4.1,7.727817966661931
Ateet,4.3,7.8791511104832495
Phool Khile Hain Gulshan Gulshan,6.2,7.420335534994038
Mr. India,6.8,4.656137843834017
Darling,3.8,4.7614548638650405
When One Falls in Love,5.8,4.98811592510549
Rashtraputra,5.7,6.144072254195379
Dabangg,6.2,4.912093573997353
Chef,5.7,7.336667082239529
Kings of The Wind & Electric Queens,6.2,5.043193303346499
Shackle,7.4,5.282932780659749
Nagadevathe,5.6,6.768977831651895
Mela,6.8,6.529943884328375
Shatru,6.9,5.878014744266011
Didi,7.6,6.76890604116079
Paap Ki Duniya,5.0,5.155380124345783
Happy Bhaag Jayegi,6.5,5.771336619244195
Chandrawal,8.3,6.765669056242388
Bhopali,8.0,5.283909154411404
Yamdas,6.7,5.1414254460596
Baankey Ki Crazy Baraat,6.2,2.2971553256959396
Fredrick,4.9,4.74891871246227
Bhavesh Joshi Superhero,7.6,4.2371752286382645
Kali Ghata,6.3,7.517853365156967
Zameen Aasmaan,5.5,6.301028406827157
Bhootnath,6.5,5.851683302248702
Apne Paraye,6.8,7.233261501326453
Raja Aur Runk,6.9,7.5118734230950395
Naya Zamana,6.9,6.954369792975754
Baton Baton Mein,7.5,7.881676916659188
Chameli Ki Shaadi,7.5,5.940663795960376
Shaukeen Kaminay,6.1,5.076689704296456
Cypher,8.3,4.980913044279077
Missing on A Weekend,4.3,5.86172203389286
Muthu,7.6,6.1690063009660605
Aadat Se Majboor,5.5,5.563712745939156
Shuttlecock Boys,6.2,5.447335946099031
Mulzim,4.8,5.987091942319324
Wafadaar,4.5,6.111789510848041
Go,2.7,4.588189483774769
Moojrim,4.4,6.489050505655442
Bewafa,7.6,8.15684378003023
Khilona,7.2,6.236155635488231
Detective Byomkesh Bakshy!,7.7,7.101879448796865
Kabir Singh,7.1,4.4786439283493
Ghar Pe Bataao,7.6,4.768915774000675
'Ferry',5.8,7.7252807927609695
Knock Out,6.0,5.819392564936251
Sorry Bhai!,6.1,7.230684797502391
Chal Chala Chal,4.6,3.9224697094815326
My Birthday Song,5.5,5.711753724688066
Jaan Hatheli Pe,5.6,5.956793423580066
Anari No. 1,5.0,4.694541571646113
Bahu Beti,6.5,6.9409512947430585
Husband Material,6.9,8.029787063626259
With Luv... Tumhaara,6.2,4.062160600871579
Aurat,7.2,7.644289422359719
Ansh: The Deadly Part,6.3,6.082768874113782
Kaajal,6.2,6.285063327119431
Dhoop,7.2,5.360388835685043
Aandhiyan,7.4,7.702862320982305
The Train: Some Lines Should Never Be Crossed...,4.3,4.3565543960807815
Aaj Ka Mahaatma,3.5,4.339809848749155
Hum,6.8,6.076692638638647
Zoo,5.7,6.93776518779525
Kranti,7.2,6.8755367979063635
Uvaa,4.9,5.380873476078406
Fire in the Blood,7.7,7.304128053435065
Baaghi,4.2,4.603463971727194
Poonam,5.2,5.563811601340731
Platform,3.7,4.948919213329674
A Suitable Girl,6.9,6.848401012726413
Taj,6.6,6.598062891083998
Genius,5.3,5.425524811445726
Apna Asmaan,6.2,6.302143162136886
Do Numbri,3.8,4.805123043692703
Chandaal Atma,4.6,3.5896586128159242
Titoo MBA,4.3,5.198180479269851
Pratighaat,7.0,5.449543681641174
Band Baaja Baaraat,7.2,5.628229689281426
Welcome Home,7.5,5.227007446790751
Firangi,4.4,5.11204926049804
Ek Sainik - The Tale of a warrior,8.2,4.539313694064489
Anokha Moti,6.9,6.275111472946321
Kabzaa,5.9,5.5818075088954515
Shahji ki Advice,7.4,4.738117186622745
Jagga Jasoos,6.5,5.262743831874488
Simhadriya Simha,8.5,5.7576669164267145
Aadhi Bhagavan,5.4,4.842895982816003
Anokhe Amar Shaheed Baba Deep Singh Ji,6.6,6.272492395769476
Ghar Ghar Ki Kahani,4.9,4.7156553180082454
Bullett Raja,5.0,6.187586422253517
Tamasha,7.6,7.686680867496861
Gair Kaanooni,5.3,4.791389498589126
Guru Suleman Chela Pahelwan,6.0,5.6004252830342125
Hungama,7.5,6.038748190771827
Singham,6.8,5.900584109289753
Mukti,7.2,6.2044567589678365
Adhi Raat Ke Baad,6.6,5.837308057893438
Doctor,6.5,8.661444130116976
Ajnabee,6.4,6.25563472471967
Talash,6.6,6.600533879217579
Ek Baar Kaho,7.0,6.2392345237913105
The Dirty Relation,3.6,6.03675710471731
Baaz: A Bird in Danger,3.2,4.375898712411484
Johny I Love You,4.9,6.093200588681327
Family: Ties of Blood,5.6,6.768186548549764
Secret Superstar,7.8,5.233185231383132
Rupaye Dus Karod,5.4,5.479296690723189
Kalank,3.6,8.084118848857116
Jaane Hoga Kya,2.7,5.714001782825363
Anubhav: An Experience,3.4,5.874991199315119
Wajood,6.9,6.9441324330957315
The Burning Train,6.8,6.130340523143531
Bandhan,7.2,7.493633897321487
Battalion 609,2.8,4.277434522685326
Ae Dil Hai Mushkil,5.8,8.132570450348553
Student of the Year 2,2.2,4.189546709008567
Kuch Khatta Kuch Meetha,3.8,4.49072961423154
Papi,7.6,7.706970478459041
Post Box 999,6.4,7.227124743862973
Abhi To Jee Lein,5.4,6.654233116886388
Kanmani,3.7,6.553771477469894
Thayillamal Nannilai,6.3,6.596332376842838
In Your Name,7.1,5.142552654871821
The Hundred Bucks,6.8,4.899071784005059
Maya Bazaar,6.5,6.990467293419428
Kafan,5.8,4.610231249968805
Sanjog,6.2,6.146115898367853
Torbaaz,6.8,5.013391490149985
Gopi,7.0,6.609312655500204
Siyaah..,5.3,5.565390553336243
Corporate,6.5,4.659314704357072
Flame: An Untold Love Story,6.0,4.7827305530120725
Hava Aney Dey,6.2,5.696851882571835
Balram Shri Krishna,5.6,7.464357792044908
Sapne Saajan Ke,3.3,4.980438492608954
Hind Ka Napak Ko Jawab,6.6,6.018371547913844
Inteha,5.1,3.8613637705293513
June,9.4,4.824087629402669
Banjo,4.9,3.5718255714799483
Tribhanga,6.1,4.711874956701621
Wedding Anniversary,4.9,9.762879768702703
Major Saab,5.3,6.206995950138776
Khoya,7.5,5.1032225283918535
Kaanoon Ki Awaaz,3.8,5.974452278191521
Boxed,6.4,3.2109147495102803
Sarkar 3,4.9,6.4205678683153025
Khoj,6.8,4.507406132200799
Touhean,6.3,5.957311739436236
Mazdoor,8.5,9.453475377676483
Undertrial,6.6,6.252321153777771
Kanyadaan,6.9,5.084615779667985
Mere Paas Baap Hai,6.1,4.756707434970863
Tamanna,6.8,5.84412421840544
Sangdil,7.3,6.762147475210526
8 x 10 Tasveer,5.4,8.167847922437986
Pyaasa Haiwan,5.3,5.541733522991095
Garam Masala,5.8,3.798577519103773
Fire in the Mountains,6.8,4.800442548516102
Stumped,2.6,6.488329415050586
Munnibai,4.0,5.786465132906301
Humshakals,1.8,4.488270453984313
Dil Aashna Hai (...The Heart Knows),5.0,3.0938805579477275
Dhrupad,7.8,8.565687643900247
Aathi,4.4,0.6109578483510063
Ek Shriman Ek Shrimati,6.6,6.821902413818009
Kudrat,6.9,6.186201117326846
Tara: The Journey of Love and Passion,5.5,5.279463149692845
Padosi,7.2,6.3676864084794715
Tahalka,5.7,6.415280581794775
Swami,6.8,4.245818215749779
Mokssh,4.8,5.23235501101955
Bhonsle,7.0,6.782718906728391
15th August,5.6,6.348109763927923
31st October,5.8,6.27524318842778
Hijack,3.7,5.096856809126734
Talaash: The Hunt Begins...,4.7,4.033952747012464
Gauraiya,7.0,5.402214480777587
Anhonee,7.1,6.683373847990353
Parzania,7.6,5.095875877345733
22 Yards,6.1,6.288415625053645
Ek Doctor Ki Maut,8.3,7.681602163197823
Ek Din Achanak,7.1,7.172224737413046
Khiladi 420,5.2,6.458549144311661
Luka Chuppi,6.3,4.635329201042481
Sangram,6.7,7.01458973939647
Mr. X,7.0,7.220416708749767
Contract,4.0,6.056802744466324
Bandish,7.1,7.230700167246653
Dulaara,5.2,5.303017676624123
Call for Fun,5.6,5.054412792530414
Yeh Hai Mumbai Meri Jaan,4.4,5.562808349680608
Haqeeqat,7.8,7.1954186054847185
Filmistaan,7.3,9.098299370008007
Bhairava Dweepam,7.8,6.205556190598557
Khoon Ka Karz,4.8,5.957389412529295
Jahan Tum Le Chalo,6.1,5.459737031817625
Yakeen,7.0,7.034293927781661
Shubh Kaamna,6.3,6.6186341479854605
Jaane Kahan Se Aayi Hai,3.8,2.541451746365624
Yeh Rastey Hain Pyar Ke,6.0,6.977355967369604
Socha Na Tha,7.4,7.658064066599067
Dolly Ki Doli,4.5,4.713582274531717
Police Wala,4.1,4.268893958897763
Ek Ghar,7.2,6.2866758241391665
A Mermaid Called Aida,6.4,8.637966669034327
Chandrasena,4.1,2.7376500050414023
Bechain,4.8,5.898888609768832
Uuf Kya Jaadoo Mohabbat Hai...,4.8,4.679045752610634
Aankhen,7.4,6.161179713367673
Johar-Mehmood in Goa,6.8,6.128949165171974
Naya Khoon,4.4,4.842110277106258
Taxi No. 9 2 11: Nau Do Gyarah,7.3,5.930604802004581
Vaada Raha... I Promise,4.8,3.815728404774134
Chor Chor Super Chor,6.5,4.997825840525607
Bang Bang,5.6,5.400654697170381
Naulakha Haar,6.2,7.509370601299494
Roohi,4.3,5.408912507870539
Aaj Ka Samson,3.1,6.8708193047365
Jyoti,5.9,7.294742476634809
Total Dhamaal,4.2,4.095908667092573
Rainbow,7.9,7.512535460728941
Raqeeb,4.2,6.649870756536885
Aladin,4.6,6.281768834534688
Meri Nimmo,7.1,5.662468229515383
Mera Naseeb,4.1,6.616690167257559
The White Tiger,7.1,4.487674792006658
Gori Tere Pyaar Mein!,4.9,5.5047067398905085
Anubhav,6.7,7.808715149899896
Rustom-E-Rome,6.4,6.979419295505366
Anjaneyulu,4.8,5.338881067155711
Karle Pyaar Karle,2.7,4.841760026365904
Malang,6.5,4.171506842049126
Romeo N Bullet,4.2,5.0898702420872155
Revati,5.1,4.837731773297676
Hichki,7.5,8.48401134242036
2 October,5.0,5.51746812864009
Views of the Inner Chamber,7.1,7.101590702130849
Gone Kesh,7.0,4.883264015004684
Chakravyuha,6.4,7.696076192985245
Road,5.6,9.390715152458057
Luv U Alia,5.3,1.5383093359749722
Prem Pratigyaa,5.9,6.622360145720833
Tadipaar,4.7,5.668509097099147
Celluloid Man,7.8,7.2995114908173235
Saboot,6.5,6.83531233754843
Kshay,6.7,6.350598974759336
Samay: When Time Strikes,6.9,4.547800320925177
Great Grand Masti,3.6,2.420172718664233
Vardaan,7.4,4.124659240986674
Aa Gale Lag Jaa,4.4,3.9983864552046953
Murder,5.4,4.519821390523418
Neelambari,7.4,7.081643669879568
"LSD: Love, Sex Aur Dhokha",7.1,8.279410012971454
Dhh,7.8,5.137043995024442
Kaam Shastra,6.4,7.622606560592189
Shootout at Lokhandwala,7.1,5.019262249905253
Dil Ne Jise Apna Kaha,4.4,3.5947820166896634
Chintu Ka Birthday,7.8,2.443888709756635
Leaving Home: The Life and Music of Indian Ocean,8.9,6.315200358671959
Jalwa,6.6,6.682138494073712
Phaansi,6.6,6.532198408274013
Ghazab,6.8,6.7598740264530335
Bichhoo,5.0,4.072832167026107
Johnny,7.5,6.977092817841111
Aadharshila,6.4,7.477892926582129
Saajan Chale Sasural,6.0,5.384388326277957
Jai Jawaan Jai Kisaan,5.2,6.1108157717757905
Paranthe Wali Gali,5.0,6.128910823668491
Oonga,6.9,3.773095412180851
Street Fighter,5.2,5.4180212994872505
Inspector Dhanush,6.2,5.389135847193955
Nandan,6.0,6.4234768193719844
Between The Lines,7.2,6.986087983060344
Dasvidaniya,7.8,7.41466607713474
Raaz,6.5,4.720051328986358
Jallaad,5.7,5.01427340029629
Garam,4.5,6.155480968138164
Musafir,7.4,8.298410822245984
Roop Ki Rani Choron Ka Raja,4.9,5.31092329386307
Yaara,6.3,6.655960132905832
Game,5.1,6.954290118549082
Tarana,6.9,4.57551869241955
Nazar Ke Samne,4.7,4.3504692374999365
Section 375,8.1,5.565929959228839
Scream of the Ants,6.0,3.177316740191486
Nirbhay,4.9,4.88689955677701
Everybody Says I'm Fine!,5.9,6.170162253586156
Dil Hi To Hai,7.1,5.923986798883547
Uljhan,6.5,6.89888010504815
Seema,6.8,7.246106901725213
Sohni Mahiwal,6.1,6.63325136118182
Dangal,8.4,10.642702167969858
Downup the Exit 796,8.2,5.884428195380238
Hostel,5.2,4.2667011174214196
Madhoshi,4.6,4.13951093166024
Dil Tera Diwana,5.0,5.795997670889264
Chori Chori,5.0,5.500962504846299
Nausherwan-E-Adil,6.5,6.73761755043283
Bewafa Sanam,5.1,6.169715682889162
7 1/2 Phere: More Than a Wedding,5.3,5.8137779591235415
Sonu Ke Titu Ki Sweety,7.1,6.788556434011326
Fakira,6.5,7.154880129323686
Janmabhoomi,5.9,6.460510277128861
Namak,4.1,5.246876548418513
Agni Sakshi,6.1,5.133070320666363
Barah Aana,6.8,7.848510384875496
Yeh Kaisi Mohabbat,3.8,8.01803951842922
Parineeta,7.2,6.195445877338258
Fan,7.0,7.528835634089845
Road to Ladakh,6.1,5.537481558173383
Return of Robin Hood,7.0,5.547105583327948
Union Leader,7.3,5.778875937010838
Shaheed,7.2,8.251234637004785
Achanak,4.0,5.40599527157363
Naam Hai Akira,5.9,5.4265568069563415
Let's Bring Our Heroes Home,6.1,6.356066837579078
Jamun,7.5,6.272665346484587
Mumbai Meri Jaan,7.7,7.466392212033114
Lootera,7.3,4.945483115934408
Aavida Maa Aavide,6.4,5.9380718396934355
Nakli Nawab,5.9,5.814532339498513
Ek Haseena Thi Ek Deewana Tha,2.5,3.871120740241494
Tennis Buddies,5.4,4.594289811790844
Kanoon Apna Apna,5.6,6.051299426451564
Hum Dil De Chuke Sanam,7.5,7.64578754959814
Thokar,7.3,8.028318561111462
Dharam Karam,6.0,8.098140446687765
Dhanwaan,3.4,5.8644226399712664
Duniya,7.0,5.75727599267411
Miss Tanakpur Haazir Ho,5.4,6.636429058733597
Udanchhoo,3.5,4.796115903115137
Dil Hi To Hai,5.1,5.717448179959305
Jaago,6.5,4.097416410433226
Joru Ka Ghulam,5.1,5.408607766694701
Murder 3,4.9,6.301126268223612
3 Idiots,8.4,8.909723325467482
Zero,5.4,6.726928419849543
Fastey Fasaatey,4.6,5.063164448093318
Barfi!,8.1,5.835509697232425
Bhadaas,2.5,4.051836846594981
Krishna Aur Kans,6.5,5.085754881572626
The Great Indian Butterfly,6.2,8.030284333091913
Angrakshak,4.4,4.446970533361366
Gaja Gamini,5.0,6.563764245070857
Parinda,7.8,6.916410867459632
Pestonjee,7.1,6.353824047181817
Zamindar,3.3,8.090948005661886
Biwi Aur Makan,6.9,6.888648145000673
Mujhse Fraaandship Karoge,6.9,4.844813583311534
Do Waqt Ki Roti,6.4,5.8156451003516025
Rahi,7.0,7.72059194004801
Pailwaan,6.4,4.3458817118643935
Will You Marry Me,4.5,4.929707346622365
Aaja Meri Jaan,4.4,6.0511299113707935
Bewafaa,4.4,3.97545306872793
Majunu,5.2,6.17918879870588
Malli,7.6,7.435856245819053
Mr. Romeo,5.5,7.808871795746484
Blue Oranges,6.5,7.525254465371361
Sampoorna Ramayana,7.4,7.984346115240768
Hasee Toh Phasee,6.8,4.358637053472563
12 O'Clock,7.2,8.83444945284785
Pyaar Kiya To Darna Kya,6.7,4.707363764810324
Bachna Ae Haseeno,6.1,5.6258485108989476
Humkadam,6.7,6.521169894683865
Commando 3,5.7,5.421226062794929
Chittagong,7.3,5.972726201616041
Chand Par Chadayee,5.0,7.579876141294264
Omkara,8.1,6.718270775344749
Yeh Hai India,5.2,3.371052466737197
Bade Dil Wala,6.3,5.606648034873814
Andheri Raat Mein Diya Tere Haath Mein,6.8,6.627370840609927
Sahi Dhandhe Galat Bande,4.8,5.114728980875398
Dattak,7.4,7.128831885533259
In the Name of Tai,5.9,5.417500853326075
The Flip Side: A Truth That Could Not Reach You,9.2,6.8407354493541135
Gangaa Jamunaa Saraswathi,4.6,6.182394086334256
Dil Tera Diwana,7.0,7.77055390262035
Bhagwan Shri Krishna,6.0,6.207017379163673
Khan kluay,5.9,4.976439931812095
Dolly Kitty and Those Twinkling Stars,5.4,6.707482134508297
Eiga Doraemon: Nobita no getsumen tansaki,6.8,3.918955196737656
One Night Out,7.0,4.718704869454825
Bhangover,5.1,4.826437127154023
Chorus,7.4,7.103819693174131
Hello Zindagi,6.0,5.5845104526122356
Sunayana,5.9,6.31961934708535
Deedar,4.3,6.279855026175852
The Wife,4.5,3.8119012077530385
Bahurani,6.8,7.963465324548636
New York,6.8,7.182082556497619
Zamaane Ko Dikhana Hai,6.8,7.091558384575777
Aetbaar,4.6,4.665733480890026
Yagavarayinum Naa Kakka,6.6,6.012895893574182
Heroine,5.1,4.2900748694018915
Sniffer,5.9,4.791928493721301
Mast,5.4,6.420213180184675
Hello Mumbai: Salaam Mumbai,3.8,5.036288320099914
When Kiran Met Karen,4.9,5.487936197927411
Jaane Tu,7.5,5.864298378427662
Gehrayee,6.8,4.642568264745762
Refugee,5.4,6.042199005849838
Aashiq,3.8,4.868197242310032
Mujhse Dosti Karoge,6.1,6.318175229581058
Right Yaaa Wrong,6.4,4.895457483489665
Veerana,6.6,5.262221517114227
Krishan Avtaar,5.7,5.071427634102406
Imaandaar,5.4,6.557698702651393
Kadvi Hawa,8.1,7.840025601050115
It Happens That Way Too: Part II,7.3,6.575961947984013
Mashaal,7.3,6.267252377231088
Rama Rama Kya Hai Dramaaa,3.9,2.843918651851993
Har Kisse Ke Hisse: Kaamyaab,7.9,7.291061900345596
Table No. 21,7.2,5.0210218246810285
Panchayat,6.8,7.3132847813990765
Love Alive,7.4,5.801295716071635
Yadon Ki Kasam,6.0,5.430721718171654
Ta Ra Rum Pum,5.6,5.936973284347204
Mastana,6.8,7.092236399129945
Skater Girl,6.6,4.543503283113068
Garam Masala,6.7,6.437200598689884
Unpaused,7.0,5.1574307689351
Kis Kisko Pyaar Karoon,5.7,5.472209510226648
Paras,6.2,7.727449496012298
Kajraare,2.8,0.9946320383946556
War,6.5,5.397324135818849
Door Gagan Ki Chhaon Men,8.2,8.07795818837107
Sheshnaag,4.5,3.256052821030721
Welcome 2 Karachi,4.3,4.427801270448029
Sahara,5.6,7.470185198300882
I Am Mr Mother,5.7,5.521922248702424
Slender Threads,7.1,6.218904308994752
Made in India,7.1,7.220910684785338
Abe Hayat,4.8,6.729080896863962
Aksar,4.8,4.56975146466533
Lajwanti,7.3,5.962113913597918
Ishq Ke Parindey,6.8,6.811307952889692
Ankhon Mein Tum Ho,5.5,5.571476475655345
Siskiyaan,5.1,4.558385308826303
Ansoo Ban Gaye Phool,7.2,6.736654134431248
Be-Shaque,6.3,6.568946881150964
Patita,7.8,6.991269059507587
Khandhar,7.2,7.431547337201835
1971,8.1,5.829633330937895
Mumbai Cutting,5.9,7.26791636231718
Prahaar: The Final Attack,8.0,7.1722701047048645
Do Premee,5.7,6.352691664610148
Waqt: The Race Against Time,6.8,5.803844080593549
Kuk Doo Koo,8.5,6.448269636383728
Saazish,4.8,5.6598839059771535
One Day: Justice Delivered,5.0,4.005630870351027
Main Krishna Hoon,5.3,4.609179796320646
Street Fighter: The Legend of Chun-Li,3.7,5.404977920310387
Khazanchi,7.0,7.968807949663031
Diljalaa,5.1,6.249659968317147
Shaktiman,2.6,4.177186833525113
Baaghi 2,4.8,2.8615497978738915
Garbage,3.4,4.932937267326338
Ratan,7.2,7.1930043768605145
Nadiya Ke Paar,6.8,7.661924207354858
Cover Story,5.3,6.754082456005889
Kaun Kitney Paani Mein,6.1,6.346598250726359
Satyameva Jayate,5.2,5.351619756144828
Yeh Dil Ramta Jogi,6.4,5.144633257308399
Thikka,4.4,4.453504223219511
Aarti,6.6,7.146253841497753
AK vs AK,6.9,5.30283819281658
Phoring,7.6,5.324126080256349
Pyaar Ka Tarana,4.3,6.291782148597193
Amar Prem,8.2,7.128077747875963
Rang Birangi,7.1,7.695504761423933
Ishkq in Paris,3.8,4.131619587011741
Indrani,7.3,8.13201174736946
Love Birds,5.1,5.321380138750328
London Dreams,5.3,5.657272243442108
Lavanya Preeti,5.2,6.701190037628109
Jeene Ki Arzoo,5.9,6.77360492641499
Yeh Jo Mohabbat Hai,5.2,6.809735081366483
Desh Premee,6.0,6.352690261948993
Baga Beach,5.9,5.393091188308389
Daraar,5.4,6.238883013612806
Dance Dance,6.1,5.159113260794172
